id,name,contact
1,John Doe,john@example.com
2,Jane Smith,jane@example.com
3,David Johnson,david@example.com
4,Emily Brown,emily@example.com
5,Michael Wilson,michael@example.com
6,Emma Jones,emma@example.com
7,Daniel Taylor,daniel@example.com
8,Olivia Martinez,olivia@example.com
9,William Anderson,william@example.com
10,Sophia Thomas,sophia@example.com
11,Joseph White,joseph@example.com
12,Isabella Jackson,isabella@example.com
13,James Harris,james@example.com
14,Charlotte Carter,charlotte@example.com
15,Benjamin Nelson,benjamin@example.com
16,Amelia Allen,amelia@example.com
17,Elijah King,elijah@example.com
18,Mia Lewis,mia@example.com
19,Logan Walker,logan@example.com
20,Avery Green,avery@example.com
21,Harper Perez,harper@example.com
22,Jackson Hall,jackson@example.com
23,Lily Young,lily@example.com
24,Aiden Moore,aiden@example.com
25,Ella Clark,ella@example.com
26,Carter Hill,carter@example.com
27,Grace Ward,grace@example.com
28,Lucas Scott,lucas@example.com
29,Aria Flores,aria@example.com
30,Henry Adams,henry@example.com
31,Addison Rivera,addison@example.com
32,Evelyn Price,evelyn@example.com
33,Matthew Cook,matthew@example.com
34,Natalie Cooper,natalie@example.com
35,Dylan Bailey,dylan@example.com
36,Zoey Rogers,zoey@example.com
37,Gabriel Morgan,gabriel@example.com
38,Leah Reed,leah@example.com
39,Christopher Ward,christopher@example.com
40,Sofia Wright,sofia@example.com
